clau,url,data,descripcio
MEM25,"Memòria anual Comissió Comunitària EAP Salt 2025 (ICS, document intern)",2026-01 (document intern),
EQUIP,"equip EAP Salt (comunicació personal, oct. 2026)",2026-10,
ICS_CSIR,https://icsgirona.cat/htrueta/es/taxonomy/term/2044,consulta 2026-10-07,
COMSALUT_GRX,http://www.congresoactivosgrx.es/2017/05/19/el-proyecto-comunidad-y-salud-comsalut-en-salt-estudio-cualitativo-de-la-percepcion-de-salud-de-la-comunidad/,2017-05-19,
PC_EINES,https://pcdesalt.wixsite.com/pcdesalt/eines,consulta 2026-10-07,
CATSALUT_CAP,https://catsalut.gencat.cat/ca/centres-sanitaris/quin-cap-correspon-a-una-adreca/,consulta 2026-10-07,
JOV_SALUT,https://www.viladesalt.cat/arees-serveis/area-de-serveis-a-les-persones/joventut/,consulta 2026-10-07,
PLJ2024,https://pam.viladesalt.cat/els-plans-de-salt/pla-local-de-joventut-2024-27,consulta 2026-10-07,
CESBEJ,https://totsalt.cat/en-marxa-les-obres-del-nou-centre-de-salut-i-benestar-emocional-jove-de-salt/,consulta 2026-10-07,
GUIA_SC,https://scientiasalut.gencat.cat/handle/11351/5646,2020,
GUIA_PSS,https://scientiasalut.gencat.cat/handle/11351/5787,2021,
TAULA_ACOLL,https://www.resilis.org/primera-taula-dacollida-de-2026-a-salt/,2026,
ICS,https://icsgirona.cat/ca/eap-salt,consulta 2026-10-06,Fitxa de l'EAP Salt (ICS Girona)
DDG_CSIR,https://www.diaridegirona.cat/girona/2025/07/09/salt-lidera-transformacio-sistema-sanitari-119520615.html,2025-07-09,
DDG_CAP1,https://www.diaridegirona.cat/girona/2025/04/30/finalitzen-les-obres-cap-jordi-116916036.html,2025-04-30,
DDG_AUTON,https://www.diaridegirona.cat/girona/2025/03/22/l-atencio-primaria-salt-inicia-115560547.html,2025-03-22,
AJ_ADR,https://www.viladesalt.cat/ajuntament/servei-datencio-a-la-ciutadania/adreces-i-telefons-dinteres/,consulta 2026-10-06,
EDU_CENTRES,https://educacio.viladesalt.cat/faq-items/centres-educatius/,consulta 2026-10-06,
EDU_MAPA,https://educacio.viladesalt.cat/ome/mapa-de-centres-educatius-de-salt/,consulta 2026-10-06,
GUIA,https://educacio.viladesalt.cat/wp-content/uploads/2023/11/AF-GuiaRecursos-Definitiubo.pdf,2023-11-22,Guia d'acollida de recursos socioeducatius de Salt
PES_TANC,https://educacio.viladesalt.cat/wp-content/uploads/2026/02/Sessio-tancament-PES-19-25.pdf,2026-02,Sessió de tancament del Pla Educatiu de Salt 2019-2025
PES_2122,https://educacio.viladesalt.cat/wp-content/uploads/2023/02/Informe-de-Seguiment-del-PES-2021-2022.pdf,2023-02,
PAM_EDU,https://pam.viladesalt.cat/pam-2023-2027/salt-del-coneixement-amb-la-cultura-i-leducacio,consulta 2026-10-06,
ENT,https://entitats.salt.cat/directori-entitats/,consulta 2026-10-06,
ENT_REL,https://entitats.salt.cat/entitat-tax/religiosa/,consulta 2026-10-06,
PV,https://puntvoluntariat.viladesalt.cat/les-entitats-de-salt/,2025-10-13,
IAS_SM,http://www.ias.cat/ca/contingut/iasgirona/598,consulta 2026-10-06,
IAS_PH,https://www.ias.cat/ca/contingut/iasgirona/530,consulta 2026-10-06,
PADES,https://www.ias.cat/ca/noticies/primaria/980,consulta 2026-10-06,
CARITAS,https://www.caritasgirona.cat/salt,consulta 2026-10-06 (memòria 2025),
CBS_KM0,https://www.cbs.cat/envelliment-quilometre-zero/,consulta 2026-10-06,
CBS_CDA,https://www.cbs.cat/centre-de-distribucio-daliments-salt/,consulta 2026-10-06,
CBS_SIE,https://www.cbs.cat/sie/,consulta 2026-10-06,
CBS_SAI,https://www.cbs.cat/servei-datencio-integral-sai/,consulta 2026-10-06,
CASAL,https://www.casaldelsinfants.org/on-treballem/salt/,consulta 2026-10-06,
CASAL_ADOL,https://www.casaldelsinfants.org/actualitat/casaladolescentssalt-2025/,2025-08-05,
VINCLE_XTF,https://vincle.org/ca/ambits-de-treball/projectes/xarxa-de-tallers-amb-families,consulta 2026-10-06,
OLH_MED,https://habitatge.viladesalt.cat/serveis/de-mediacio-comunitaria/,consulta 2026-10-06,
JUGUEM,https://juguem.viladesalt.cat/,consulta 2026-10-06,
JUGUEM_CONTR,https://cido.diba.cat/contractacio/11847328/servei-de-mediacio-i-monitoratge-del-programa-municipal-juguem-ajuntament-de-salt,2021-2025,
PACTE,https://www.diaridegirona.cat/girona/2025/03/17/salt-porta-ple-pacte-ciutat-115392372.html,2025-03-17,
SALTEDUCA,https://www.salteduca.org/index.html,consulta 2026-10-06,
SALTEDUCA_SEG,https://salteduca.org/docs/La-segregacio-escolar-NO-baixa-a-Salt.pdf,2023-02-22,
PLABARRIS,https://www.infosalt.cat/salt-presenta-el-projecte-del-pla-de-barris-per-transformar-el-sector-centre-i-el-veinat-amb-una-inversio-de-fins-a-25-milions-deuros/,2026 (convocatòria juliol 2026),
CONSELLS,https://www.viladesalt.cat/participacio/consells-de-barri/,consulta 2026-10-06 (dades 2022),
PC,https://pcdesalt.wixsite.com/pcdesalt/sobre-el-pla-comunitari,consulta 2026-10-06 (sense data),
GG,https://www.viladesalt.cat/faq-items/equipaments-per-a-la-gent-gran/,consulta 2026-10-06,
JOV,https://www.viladesalt.cat/faq-items/equipaments-juvenils/,consulta 2026-10-06,
SIGUES,https://educacio.viladesalt.cat/sigues-tu/,consulta 2026-10-06,
VIUSALT,https://viusalt.cat/informacio-salt-girona-costa-brava/telefons-adreces-serveis-urgencies-salt/,consulta 2026-10-06,
CDIAP,https://grupfrn.cat/serveis-a-les-persones/atencio-a-la-infancia/,consulta 2026-10-06,
CREDA,http://www.xtec.cat/serveis/creda/b7900035/,consulta 2026-10-06,
SE_GIRONES,https://serveiseducatius.xtec.cat/girones/el-servei-educatiu/eap/,consulta 2026-10-06,
CRP,https://serveiseducatius.xtec.cat/girones/el-servei-educatiu/centre-de-recursos-pedagogics/,consulta 2026-10-06,
MASSANA,https://www.diaridegirona.cat/girona/2025/09/24/neix-salt-lentitat-caminants-massana-121909661.html,2025-09-24,
SAFIS,https://www.infosalt.cat/la-14a-setmana-de-lactivitat-fisica-i-la-salut-de-salt-programa-mes-de-50-activitats-durant-tot-el-mes-dabril/,2025-04,
GERIO_IST,https://www.gerio.cat/noticia/1735699/salt-i-sant-pere-pescador-entre-els-municipis-amb-menor-index-socioeconomic-de-catalunya,2026-03-18,
IDESCAT,https://www.idescat.cat/emex/?id=171557,"dades 2023-2025, consulta 2026-10-06","Idescat, El municipi en xifres (EMEX) de Salt"
RELIG2018,https://totsalt.cat/diversitat-religiosa-a-salt/,2018-11-09,
GITANO,https://xeu.cat/associacio-cultural-del-poble-gitano-rromanipen/,consulta 2026-10-06,
DONESGIT,https://xeu.cat/associacio-dones-gitanes-catalanes/,dades registre 2025-2026,
SALUT_AJ,https://www.viladesalt.cat/arees-serveis/area-de-serveis-a-les-persones/salut/,consulta 2026-10-06,
SIAD,https://www.cbs.cat/,consulta 2026-10-06,
IFBS,https://www.ifbscalidad.eus/es/practicas/accion-comunitaria/practica/pr-1190/,Alberich 2009,
FOTO2021,Foto sociograma CAP Salt 2021 (adjunt de l'usuari),2021,Fotografia del sociograma CAP Salt 2021
AQUIPROU,https://educacio.viladesalt.cat/wp-content/uploads/2023/02/Informe-de-Seguiment-del-PES-2021-2022.pdf,2023-02,
PLA_JOV,https://pam.viladesalt.cat/els-plans-de-salt/pla-local-de-joventut-2024-27,consulta 2026-10-06,
MOSQUE_IM,https://mappesp.com/salt-centro-religioso.html,consulta 2026-10-06 (font no oficial),
AQUAS,https://aquas-gencat.shinyapps.io/salutcomunitaria/,"3a ed. 2025, dades 2022 (export 06/10/2026)","AQuAS/ASPCAT, Indicadors de salut comunitària per ABS"
MEM_IAS,"https://www.ias.cat (Memòria IAS 2024, PDF en /workspace/fuentes-cache/salt/memoria_IAS_2024.pdf)",2024,
COMSALUT,https://govern.cat/gov/notes-premsa/300120/salt-desplega-el-projecte-comsalut-amb-la-participacio-de-diversos-collectius-socials-de-la-vila,2017,
ACTIUS,https://salutpublica.gencat.cat/ca/agencia/plans-estrategics/pinsap/accions-eines-projectes-relacionats/actius-salut/,consulta 2026-10-06,
ACTIUS_MILF,https://activosdesalud.com/recurso/show/27641/cat,consulta 2026-10-06,
PLJ2023,https://www.viladesalt.cat/wp-content/uploads/2021/01/PLA_LOCAL_DE_JOVENTUT_2020-23.pdf,2021,
IST_AC,https://www.idescat.cat/pub/?id=ist&n=14034&by=ac&t=202300&f=csv,IST 2023 def./2024p (API updated 2026-06-26),
IST_SEC,https://api.idescat.cat/taules/v2/ist/14034/14994/sec/data,2015-2024p,
PADRO_ABS,"https://api.idescat.cat/taules/v2/pmh/446/477/mun/data?MUN=171557,170025,170209,170736,172155&SEX=total&YEAR=2025",1/1/2025,
ABS_CODI,https://www.idescat.cat/codis/?id=50&n=39,vigent,
ABS_GEO,https://analisi.transparenciacatalunya.cat/resource/tqzv-uu8e.geojson?codi=199,vigent,
INE_ADRH,https://www.ine.es/jaxiT3/Tabla.htm?t=31016,2023,
PADRO_SEC,https://api.idescat.cat/taules/v2/pmh/680/690/sec/data,2022,
PLS_ND,https://www.viladesalt.cat/arees-serveis/area-de-serveis-a-les-persones/salut/,consulta 2026-10-07,
AP26_01,https://contratos.gobierto.es/licitaciones/4450347,consulta 2026-10-07,Aportació verificada 2026-10-07 (contratos.gobierto.es)
AP26_02,https://puntvoluntariat.viladesalt.cat/empresa/anncon-lleure-i-oci-sl/,consulta 2026-10-07,Aportació verificada 2026-10-07 (puntvoluntariat.viladesalt.cat)
AP26_03,https://www.diaridegirona.cat/girona/2026/07/20/salt-presenta-ambiciosa-proposta-pla-132628497.html,consulta 2026-10-07,Aportació verificada 2026-10-07 (diaridegirona.cat)
AP26_04,https://www.lavanguardia.com/local/catalunya/catalunya-avanca/20260921/11637218/govern-cierra-segunda-convocatoria-plan-barrios-propuestas-117-municipios.html,consulta 2026-10-07,Aportació verificada 2026-10-07 (lavanguardia.com)
AP26_05,https://www.europapress.es/catalunya/noticia-abierto-plazo-ii-convocatoria-pla-barris-presupuesto-200-millones-20260706115906.html,consulta 2026-10-07,Aportació verificada 2026-10-07 (europapress.es)
AP26_06,https://www.girones.cat/,consulta 2026-10-07,Aportació verificada 2026-10-07 (girones.cat)
AP26_07,https://icsgirona.cat/ca/atencio-la-persona-transgenere,consulta 2026-10-07,Aportació verificada 2026-10-07 (icsgirona.cat)
AP26_08,https://catsalut.gencat.cat/ca/serveis-sanitaris/altres-serveis/model-atencio-salut-persones-trans/,consulta 2026-10-07,Aportació verificada 2026-10-07 (catsalut.gencat.cat)
AP26_09,https://www.cofgi.org/farmacies/directori-de-farmacies,consulta 2026-10-07,Aportació verificada 2026-10-07 (cofgi.org)
AP26_10,https://www.linkedin.com/posts/ajuntament-de-salt_salt-bondiasalt-viusalt-activity-7480169266063851522-JYli,consulta 2026-10-07,Aportació verificada 2026-10-07 (linkedin.com)
AP26_11,https://pam.viladesalt.cat/pam-2023-2027/salt-mira-al-futur-progres-economic-i-creixement/planificacio-urbanistica/desenvolupament-del-sector-sud/aprovar-la-cessio-dels-terrenys,consulta 2026-10-07,Aportació verificada 2026-10-07 (pam.viladesalt.cat)
AP26_12,https://www.diaridegirona.cat/girona/2026/07/06/aproven-conveni-urbanistic-per-desenvolupar-132152467.html,consulta 2026-10-07,Aportació verificada 2026-10-07 (diaridegirona.cat)
AP26_13,https://entitats.salt.cat/entitat/ampa-mare-de-d%c2%82u-del-roser/,consulta 2026-10-07,Aportació verificada 2026-10-07 (entitats.salt.cat)
AP26_14,https://contratos.gobierto.es/resoluciones/e528ab27-fbf3-4e2e-900d-7123a4aa300d,consulta 2026-10-07,Aportació verificada 2026-10-07 (contratos.gobierto.es)
AP26_15,https://entitats.salt.cat/entitat/fundaci%c2%a2-atenea-grup-gid/,consulta 2026-10-07,Aportació verificada 2026-10-07 (entitats.salt.cat)
AP26_16,https://puntvoluntariat.viladesalt.cat/empresa/creu-roja/,consulta 2026-10-07,Aportació verificada 2026-10-07 (puntvoluntariat.viladesalt.cat)
AP26_17,https://www.diaridegirona.cat/girona/2025/06/11/230-alumnes-salt-participen-festa-118513630.html,consulta 2026-10-07,Aportació verificada 2026-10-07 (diaridegirona.cat)
AP26_18,https://puntvoluntariat.viladesalt.cat/empresa/fundacio-bofill/,consulta 2026-10-07,Aportació verificada 2026-10-07 (puntvoluntariat.viladesalt.cat)
AP26_19,https://entitats.salt.cat/entitat/fundaci%c2%a2-privada-utopia/,consulta 2026-10-07,Aportació verificada 2026-10-07 (entitats.salt.cat)
AP26_20,https://entitats.salt.cat/entitat/fundaci%c2%a2-privada-resilis/,consulta 2026-10-07,Aportació verificada 2026-10-07 (entitats.salt.cat)
AP26_21,https://www.gironanoticies.com/300339/imprimir.htm,consulta 2026-10-07,Aportació verificada 2026-10-07 (gironanoticies.com)
AP26_22,https://www.viladesalt.cat/participacio/consells-de-barri/consells-de-barri-sud/,consulta 2026-10-07,Aportació verificada 2026-10-07 (viladesalt.cat)
AP26_23,https://www.canalajuntament.cat/article/lajuntament-de-salt-reactiva-els-consells-de-barri-per-impulsar-la-participacio-ciutadana-4260,consulta 2026-10-07,Aportació verificada 2026-10-07 (canalajuntament.cat)
AP26_24,https://www.espaigirones.com/,consulta 2026-10-07,Aportació verificada 2026-10-07 (espaigirones.com)
AP26_25,https://confavc.cat/noticies/aportaasalt/,consulta 2026-10-07,Aportació verificada 2026-10-07 (confavc.cat)
AP26_26,https://www.diaridegirona.cat/girona/2026/07/28/confavc-impulsa-creacio-despais-comunitaris-132879965.html,consulta 2026-10-07,Aportació verificada 2026-10-07 (diaridegirona.cat)
AP26_27,https://entitats.salt.cat/entitat/salt-cricket-club/,consulta 2026-10-07,Aportació verificada 2026-10-07 (entitats.salt.cat)
AP26_28,https://www.cricketspain.es/es-es/clubs/salt-cricket-club-league,consulta 2026-10-07,Aportació verificada 2026-10-07 (cricketspain.es)
AP26_29,https://xeu.cat/associacio-veus-de-dones-fluides/,consulta 2026-10-07,Aportació verificada 2026-10-07 (xeu.cat)
AP26_30,https://veusdedones.cat/,consulta 2026-10-07,Aportació verificada 2026-10-07 (veusdedones.cat)
AP26_31,https://entitats.salt.cat/entitat/associacio-veus-de-dones-fluides/,consulta 2026-10-07,Aportació verificada 2026-10-07 (entitats.salt.cat)
AP26_32,https://xeu.cat/associacio-dones-de-demba-kunda-a-catalunya/,consulta 2026-10-07,Aportació verificada 2026-10-07 (xeu.cat)
AP26_33,https://entitats.salt.cat/entitat/comunitat-isl%c2%85mica-de-salt/,consulta 2026-10-07,Aportació verificada 2026-10-07 (entitats.salt.cat)
AP26_34,https://www.ara.cat/societat/mesquita-salt-obre-portes_1_1851441.html,consulta 2026-10-07,Aportació verificada 2026-10-07 (ara.cat)
AP26_35,https://www.diaridegirona.cat/comarques/2020/03/14/mesquita-salt-tanca-portes-per-48732945.html,consulta 2026-10-07,Aportació verificada 2026-10-07 (diaridegirona.cat)
AP26_36,https://islamcat.org/gran-festa-de-fi-de-curs-2025-al-centre-imam-malik-de-salt-un-homenatge-a-lexcellencia-educativa-i-els-valors-comunitaris/,consulta 2026-10-07,Aportació verificada 2026-10-07 (islamcat.org)
AP26_37,https://pam.viladesalt.cat/els-plans-de-salt/pla-local-de-joventut-de-salt-2020-2023,consulta 2026-10-07,Aportació verificada 2026-10-07 (pam.viladesalt.cat)
AP26_38,https://xeu.cat/associacio-no-al-racisme-de-salt-girona/,consulta 2026-10-07,Aportació verificada 2026-10-07 (xeu.cat)
AP26_39,https://www.viladesalt.cat/faq-items/equipaments-de-barri/,consulta 2026-10-07,Aportació verificada 2026-10-07 (viladesalt.cat)
AP26_40,https://www.ateneusalt.cat/ca/qui-som1.html,consulta 2026-10-07,Aportació verificada 2026-10-07 (ateneusalt.cat)
AP26_41,https://www.viladesalt.cat/arees-serveis/area-de-serveis-a-les-persones/servei-desports/,consulta 2026-10-07,Aportació verificada 2026-10-07 (viladesalt.cat)
AP26_42,https://educacio.viladesalt.cat/pla-educatiu-de-salt/projectes-educatius/acollida-i-proposta-formativa-docents-2/,consulta 2026-10-07,Aportació verificada 2026-10-07 (educacio.viladesalt.cat)
AP26_43,https://totsalt.cat/salt-es-mou-les-safis-2026-omplen-labril-amb-mes-de-40-activitats-saludables/,consulta 2026-10-07,Aportació verificada 2026-10-07 (totsalt.cat)
AP26_44,https://www.diaridegirona.cat/girona/2026/05/07/les-setmanes-l-activitat-fisica-129946596.html,consulta 2026-10-07,Aportació verificada 2026-10-07 (diaridegirona.cat)
AP26_45,https://www.fundaciosergi.org/projectes/insalt-porta-dacces/,consulta 2026-10-07,Aportació verificada 2026-10-07 (fundaciosergi.org)
AP26_46,https://emo.viladesalt.cat/ofertes_feina/,consulta 2026-10-07,Aportació verificada 2026-10-07 (emo.viladesalt.cat)
AP26_47,https://agora.xtec.cat/iessalvadorespriu-salt/eso/eso-3/aprenentatge-i-servei-entre-generacions-al-centre-de-dia-les-bernardes-de-salt-amb-alumnat-deso3/,consulta 2026-10-07,Aportació verificada 2026-10-07 (agora.xtec.cat)
AP26_48,https://agora.xtec.cat/iessalvadorespriu-salt/categoria/pfi-ptt/,consulta 2026-10-07,Aportació verificada 2026-10-07 (agora.xtec.cat)
AP26_49,https://salt.escolapia.cat/preinscripcions-pfi/,consulta 2026-10-07,Aportació verificada 2026-10-07 (salt.escolapia.cat)
AP26_50,https://www.gentis.org/gentis-participa-en-la-primera-jornada-de-busco-feina-coma-cros-de-salt/,consulta 2026-10-07,Aportació verificada 2026-10-07 (gentis.org)
AP26_51,https://www.gentis.org/la-nostra-entitat-rep-una-subvencio-de-la-diputacio-de-girona-per-a-la-reforma-dun-centre-integral-dorientacio-educativa-i-professional-per-a-collectius-en-risc-a-salt/,consulta 2026-10-07,Aportació verificada 2026-10-07 (gentis.org)
AP26_52,https://www.gentis.org/serveis/orientacio-treball-gentis/,consulta 2026-10-07,Aportació verificada 2026-10-07 (gentis.org)
AP26_53,https://puntvoluntariat.viladesalt.cat/empresa/fundacio-support-girona/,consulta 2026-10-07,Aportació verificada 2026-10-07 (puntvoluntariat.viladesalt.cat)
AP26_54,https://puntvoluntariat.viladesalt.cat/empresa/fem/,consulta 2026-10-07,Aportació verificada 2026-10-07 (puntvoluntariat.viladesalt.cat)
AP26_55,https://puntvoluntariat.viladesalt.cat/empresa/agrupament-escolta-i-guia-can-tona/,consulta 2026-10-07,Aportació verificada 2026-10-07 (puntvoluntariat.viladesalt.cat)
AP26_56,https://puntvoluntariat.viladesalt.cat/empresa/diables-den-pere-botero/,consulta 2026-10-07,Aportació verificada 2026-10-07 (puntvoluntariat.viladesalt.cat)
AP26_57,https://emo.viladesalt.cat/wp-content/uploads/2025/10/Marc-Accions-ESS-Salt-2024_informe.pdf,consulta 2026-10-07,Aportació verificada 2026-10-07 (emo.viladesalt.cat)
AP26_58,https://juguem.viladesalt.cat/juguem-als-patis-i-a-les-places-2/,consulta 2026-10-07,Aportació verificada 2026-10-07 (juguem.viladesalt.cat)
AP26_59,https://www.diaridegirona.cat/girona/2023/12/13/s-acaba-segona-fase-d-95796710.html,consulta 2026-10-07,Aportació verificada 2026-10-07 (diaridegirona.cat)
AP26_60,https://www.bernardes.cat/,consulta 2026-10-07,Aportació verificada 2026-10-07 (bernardes.cat)
AP26_61,https://totsalt.cat/lespai-girones-renova-el-suport-al-club-basquet-salt-amb-un-nou-conveni/,consulta 2026-10-07,Aportació verificada 2026-10-07 (totsalt.cat)
AP26_62,https://www.ateneusalt.cat/ca/entitats.html,consulta 2026-10-07,Aportació verificada 2026-10-07 (ateneusalt.cat)
AP26_63,https://www.europapress.es/catalunya/noticia-comunidad-islamica-salt-estrena-nueva-mezquita-ilusion-20150705114656.html,consulta 2026-10-07,Aportació verificada 2026-10-07 (europapress.es)
AP26_64,https://www.diaridegirona.cat/girona/2026/02/02/els-caminants-massana-celebren-primer-126360112.html,consulta 2026-10-07,Aportació verificada 2026-10-07 (diaridegirona.cat)
AP26_65,https://www.viladesalt.cat/arees-serveis/area-de-serveis-a-les-persones/cultura-2/,consulta 2026-10-07,Aportació verificada 2026-10-07 (viladesalt.cat)
AP26_66,https://www.infosalt.cat/salt-se-suma-un-any-mes-a-la-comerciada-amb-34-comercos-saltencs-que-hi-participen/,consulta 2026-10-07,Aportació verificada 2026-10-07 (infosalt.cat)
AP26_67,https://www.diaridegirona.cat/girona/2026/03/12/projecte-veinal-porta-salt-ajuda-127875084.html,consulta 2026-10-07,"Aportació verificada 2026-10-07, ronda 2 (diaridegirona.cat)"
AP26_68,https://confavc.cat/noticies/citizen-doors_salt/,consulta 2026-10-07,"Aportació verificada 2026-10-07, ronda 2 (confavc.cat)"
AP26_69,https://totsalt.cat/salt-i-terrassa-participaran-en-un-projecte-europeu-per-reforcar-la-participacio-ciutadana/,consulta 2026-10-07,"Aportació verificada 2026-10-07, ronda 2 (totsalt.cat)"
AP26_70,https://a-porta.cat/noticies/tematica/salt/,consulta 2026-10-07,"Aportació verificada 2026-10-07, ronda 2 (a-porta.cat)"
AP26_71,https://totsalt.cat/el-x-mercat-de-les-afa-de-salt-omple-de-solidaritat-el-passeig-ciutat-de-girona/,consulta 2026-10-07,"Aportació verificada 2026-10-07, ronda 2 (totsalt.cat)"
AP26_72,https://totsalt.cat/mercat-afa-salt-2023/,consulta 2026-10-07,"Aportació verificada 2026-10-07, ronda 2 (totsalt.cat)"
AP26_73,https://www.diaridegirona.cat/girona/2024/05/26/salt-municipi-les-89-nacionalitats-102904666.html,consulta 2026-10-07,"Aportació verificada 2026-10-07, ronda 2 (diaridegirona.cat)"
AP26_74,https://www.ateneusalt.cat/ca/actualitat/188-textual-texitl-un-projecte-pioner-per-aprendr.html,consulta 2026-10-07,"Aportació verificada 2026-10-07, ronda 2 (ateneusalt.cat)"
AP26_75,https://entitats.salt.cat/entitat/assoc-joves-actius-de-salt/,consulta 2026-10-07,"Aportació verificada 2026-10-07, ronda 2 (entitats.salt.cat)"
AP26_76,https://xeu.cat/associacio-juvenil-de-teatre-log-out/,consulta 2026-10-07,"Aportació verificada 2026-10-07, ronda 2 (xeu.cat)"
AP26_77,http://xirucairesdesalt.blogspot.com/,consulta 2026-10-07,"Aportació verificada 2026-10-07, ronda 2 (xirucairesdesalt.blogspot.com)"
AP26_78,https://totsalt.cat/festa-del-barri-de-la-processo-de-salt-2025-tot-a-punt-per-a-un-cap-de-setmana-ple-de-festa/,consulta 2026-10-07,"Aportació verificada 2026-10-07, ronda 2 (totsalt.cat)"
AP26_79,https://www.vilaweb.cat/noticies/recorren-al-tc-per-la-infiltracio-duna-agent-en-moviments-socials-de-girona/,consulta 2026-10-07,"Aportació verificada 2026-10-07, ronda 2 (vilaweb.cat)"
AP26_80,https://eines.icgc.cat/geocodificador/cerca?text=Carrer+Albareda+3%2C+Girona&size=1,consulta 2026-10-07,"Aportació verificada 2026-10-07, ronda 2 (eines.icgc.cat)"
AP26_81,https://eines.icgc.cat/geocodificador/cerca?text=Carrer+Baldiri+Reixac+50%2C+Girona&size=1,consulta 2026-10-07,"Aportació verificada 2026-10-07, ronda 2 (eines.icgc.cat)"
AP26_82,https://eines.icgc.cat/geocodificador/cerca?text=Carrer+Mossen+Joan+Pons+6%2C+Girona&size=1,consulta 2026-10-07,"Aportació verificada 2026-10-07, ronda 2 (eines.icgc.cat)"
AP26_83,https://eines.icgc.cat/geocodificador/cerca?text=Cami+dels+Carlins+10%2C+Salt&size=1,consulta 2026-10-07,"Aportació verificada 2026-10-07, ronda 2 (eines.icgc.cat)"
AP26_84,https://eines.icgc.cat/geocodificador/cerca?text=Carrer+Doctor+Ferran+4%2C+Salt&size=1,consulta 2026-10-07,"Aportació verificada 2026-10-07, ronda 2 (eines.icgc.cat)"
AP26_85,https://eines.icgc.cat/geocodificador/cerca?text=Carrer+Llarg+4%2C+Salt&size=1,consulta 2026-10-07,"Aportació verificada 2026-10-07, ronda 2 (eines.icgc.cat)"
AP26_86,https://eines.icgc.cat/geocodificador/cerca?text=Carrer+de+la+Processo%2C+Salt&size=1,consulta 2026-10-07,"Aportació verificada 2026-10-07, ronda 2 (eines.icgc.cat)"
AP26_87,https://eines.icgc.cat/geocodificador/cerca?text=Carrer+Angel+Guimera%2C+Salt&size=1,consulta 2026-10-07,"Aportació verificada 2026-10-07, ronda 2 (eines.icgc.cat)"
AP26_88,https://eines.icgc.cat/geocodificador/cerca?text=Riera+de+Mus+1%2C+Girona&size=1,consulta 2026-10-07,"Aportació verificada 2026-10-07, ronda 2 (eines.icgc.cat)"
AP26_89,https://eines.icgc.cat/geocodificador/cerca?text=Torras+i+Bages%2C+Salt&size=1,consulta 2026-10-07,"Aportació verificada 2026-10-07, ronda 2 (eines.icgc.cat)"
AP26_90,https://eines.icgc.cat/geocodificador/cerca?text=Carrer+Manuel+de+Falla+34%2C+Salt&size=1,consulta 2026-10-07,"Aportació verificada 2026-10-07, ronda 2 (eines.icgc.cat)"
AP26_91,https://eines.icgc.cat/geocodificador/cerca?text=Placa+de+Catalunya%2C+Salt&size=1,consulta 2026-10-07,"Aportació verificada 2026-10-07, ronda 2 (eines.icgc.cat)"
AP26_92,"https://nominatim.openstreetmap.org/search?q=Estaci%C3%B3+Jove,+Salt&format=jsonv2&limit=3",consulta 2026-10-07,"Aportació verificada 2026-10-07, ronda 2 (nominatim.openstreetmap.org)"
AP26_93,https://www.infosalt.cat/el-projecte-a-porta-de-salt-ajuda-140-families-a-palliar-la-vulnerabilitat-energetica/,consulta 2026-10-07,"Aportació verificada 2026-10-07, ronda 2 (infosalt.cat)"
AP26_94,https://salteduca.org/quisom.html,consulta 2026-10-07,"Aportació verificada 2026-10-07, ronda 2 (salteduca.org)"
AP26_95,https://ampapompeufabrasalt.cat/images/actas/20241017_Acta_Junta.pdf,consulta 2026-10-07,"Aportació verificada 2026-10-07, ronda 2 (ampapompeufabrasalt.cat)"
AP26_96,https://seu-e.cat/documents/28465/6288886/PES+2025_2027/8553abc1-03b7-40cd-a211-771abfd748f9,consulta 2026-10-07,"Aportació verificada 2026-10-07, ronda 2 (seu-e.cat)"
AP26_97,https://17190.org/manifest-per-leducacio-de-qualitat-a-salt/,consulta 2026-10-07,"Aportació verificada 2026-10-07, ronda 2 (17190.org)"
AP26_98,https://www.afaescolalesarrels.com/mercat-ampas-salt-2018/,consulta 2026-10-07,"Aportació verificada 2026-10-07, ronda 2 (afaescolalesarrels.com)"
AP26_99,https://www.afaescolalesarrels.com/mercat-ampas-salt/,consulta 2026-10-07,"Aportació verificada 2026-10-07, ronda 2 (afaescolalesarrels.com)"
AP26_100,https://www.afaescolalesarrels.com/el-mercat-dampas-2019/,consulta 2026-10-07,"Aportació verificada 2026-10-07, ronda 2 (afaescolalesarrels.com)"
AP26_101,https://agora.xtec.cat/iesvallvera/portada/vii-mercat-de-les-afa-de-salt/,consulta 2026-10-07,"Aportació verificada 2026-10-07, ronda 2 (agora.xtec.cat)"
AP26_102,https://ampapompeufabrasalt.cat/index.php/junta/actes,consulta 2026-10-07,"Aportació verificada 2026-10-07, ronda 2 (ampapompeufabrasalt.cat)"
AP26_103,https://www.viladesalt.cat/wp-content/uploads/2026/03/LLIBRET-PROGRAMA-SAFIS-digital.pdf,consulta 2026-10-07,"Aportació verificada 2026-10-07, ronda 2 (viladesalt.cat)"
AP26_104,https://seu-e.cat/documents/28465/6288886/PROTOCOL+CONTRA+LES+VIOL%C3%88NCIES+SEXISTES+I+LGTBI-F%C3%92BIQUES+EN+L%E2%80%99ESPAI+P%C3%9ABLIC+I+EN+L%E2%80%99OCI+NOCTURN+A+SALT/514e6621-9460-443c-a27b-28262c0123b0,consulta 2026-10-07,"Aportació verificada 2026-10-07, ronda 2 (seu-e.cat)"
AP26_105,https://totsalt.cat/mes-de-200-persones-inscrites-a-la-i-jornada-sobre-intervencions-policials-en-casos-de-violencia-de-genere-a-salt/,consulta 2026-10-07,"Aportació verificada 2026-10-07, ronda 2 (totsalt.cat)"
AP26_106,https://www.viladesalt.cat/wp-content/uploads/2026/08/Aprovacio-del-regim-transitori-per-a-lassignacio-despais-esportius-municipals-2026-2027-1.pdf,consulta 2026-10-07,"Aportació verificada 2026-10-07, ronda 2 (viladesalt.cat)"
