nom,categoria_registre,adreca_publica,font_url
Club Judo Salt,Esportiva,"Miquel Martí i Pol, 5",https://entitats.salt.cat/entitat/club-judo-salt/
Associació cultural del poble gitano Rromanipen,Cultural,Passeig dels Països Catalans,https://entitats.salt.cat/entitat/associacio-cultural-del-poble-gitano-rromanipen/
Cooperativa Avancem Santa Clara E.I S.C.C.L,,Josep Irla,https://entitats.salt.cat/entitat/cooperativa-avancem-santa-clara-e-i-s-c-c-l/
Associació Banda Marcial 5.0.4.,,Teixidores,https://entitats.salt.cat/entitat/associacio-banda-marcial-5-0-4/
Club Esportiu Oswald,Esportiva,"Passeig dels Països Catalans, S/N Pavelló Esportiu Municipal",https://entitats.salt.cat/entitat/club-esportiu-oswald/
Associació Veus de Dones Fluides,Dona,Ramon Sambola,https://entitats.salt.cat/entitat/associacio-veus-de-dones-fluides/
Associació Sopou Nabi,Cultural,Francesc Macià,https://entitats.salt.cat/entitat/associacio-sopou-nabi/
Associació Fulbe Fuladu Kolda,Comunitària,Pacheco,https://entitats.salt.cat/entitat/associacio-fulbe-fuladu-kolda/
Club Esportiu Catalunya Soccer,Esportiva,Països Catalans,https://entitats.salt.cat/entitat/club-esportiu-catalunya-soccer/
Associació Kemonïk,Social,"Sant Antoni,1 (Viver)",https://entitats.salt.cat/entitat/associacio-kemonik/
Associació La Sopa d’Abraham,Social,Torres i Bages,https://entitats.salt.cat/entitat/associacio-la-sopa-dabraham/
Cia. Cop d'Ull,Cultural,"Processó, 55",https://entitats.salt.cat/entitat/cia-cop-dull/
FUNDACIÓ SUPPORT-GIRONA,Social,"Esteve Vila, 32",https://entitats.salt.cat/entitat/fundacio-support-girona/
ARRELATS A LA DANSA,Social,Pla de Salt,https://entitats.salt.cat/entitat/arrelats-a-la-dansa/
Associació Terra Nova,Social,Francesc Macià,https://entitats.salt.cat/entitat/associacio-terra-nova/
Associació La Comucleta de Salt,Comunitària,"Sant Antoni,1",https://entitats.salt.cat/entitat/associacio-la-comucleta-de-salt/
Iglesia Cristiana Evangélica Cristo Viene a las Naciones,Religiosa,Major,https://entitats.salt.cat/entitat/iglesia-cristiana-evangelica-cristo-viene-a-las-naciones/
Club Boxa Salt,Esportiva,"Països Catalans, S/N",https://entitats.salt.cat/entitat/club-boxa-salt/
Club Vòlei Platja Salt,Esportiva,Indústria,https://entitats.salt.cat/entitat/club-volei-platja-salt/
Nigeria Youth Association Girona,,Carrer Ramon Sambola,https://entitats.salt.cat/entitat/asociacion-nigeria-youth-association/
Associació Batec Natura,Cultural; Medi ambient,"Garbí, 31",https://entitats.salt.cat/entitat/associacio-batec-natura/
ASSOCIACIÓ CAN PANXUT FESTIVAL SALT,Comunitària; Cultural; Social,Major,https://entitats.salt.cat/entitat/associacio-can-panxut-festival-salt/
Associació Catalana de la República Global-Consell Local de la República a Salt,Cultural,Llarg,https://entitats.salt.cat/entitat/associacio-catalana-de-la-republica-global-consell-local-de-la-republica-a-salt/
Fundación Internacional María Luisa de Moreno,Social,Àngel Guimerà,https://entitats.salt.cat/entitat/fundacion-internacional-maria-luisa-de-moreno/
Associació de Peruans a Girona,Comunitària,Pla de Salt,https://entitats.salt.cat/entitat/associacio-de-peruans-a-girona/
ASSOCIACIÓ ARTENON CULTURAL I ARTS ESCÈNIQUES,Cultural,"MAJOR, 283",https://entitats.salt.cat/entitat/associacio-artenon-cultural-i-arts-esceniques/
ASSOCIACIÓ SUDUWELLY A CATALUNYA,,"c/Àngel Guimerà, 4",https://entitats.salt.cat/entitat/associacio-suduwelly-a-catalunya/
ASSOCIACIÓ BALAAL KOULINTO,Cultural; Social,c/MAJOR,https://entitats.salt.cat/entitat/associacio-balaal-koulinto/
Fundació Privada per a la Lluita contra l'Esclerosi Múltiple,Social,"C. Pau Casals, 15",https://entitats.salt.cat/entitat/fundacio-privada-per-a-la-lluita-contra-lesclerosi-multiple/
Gurdwara Kalgidhar Sahib JI,Religiosa,"C. Major, 125",https://entitats.salt.cat/entitat/gurdwara-kalgidhar-sahib-ji/
Associació Memòria Socialista,Cultural,pg. Països Catalans 121,https://entitats.salt.cat/entitat/associacio-memoria-socialista/
Unión europea de pensionistas,Política,C. Moreneta,https://entitats.salt.cat/entitat/union-europea-de-pensionistas/
Associació Unim Salt,Comunitària; Cultural; Política,Av. Països Catalans,https://entitats.salt.cat/entitat/associacio-unim-salt__trashed/
Associació Salt'Educa: Plataforma per l'educació a Salt,Educativa,"c. Sant Antoni, 1",https://entitats.salt.cat/entitat/associacio-salteduca-plataforma-per-leducacio-a-salt/
Associació Heaven on earth gospel choir,Cultural,"Anselm Clavé, 2",https://entitats.salt.cat/entitat/associacio-heaven-on-earth-gospel-choir/
Junts per Catalunya,Política,"c. Llarg, 20",https://entitats.salt.cat/entitat/junts-per-catalunya/
Centro islamico Mohammed y sucesores,Religiosa,"C.President Francesc Macià, 10",https://entitats.salt.cat/entitat/centro-islamico-mohammed-y-sucesores/
Club Futbol Toni Espinal Saltenc,Esportiva,pg. Països Catalans 39,https://entitats.salt.cat/entitat/club-futbol-toni-espinal-saltenc/
Associació Els Germans de Fouladou de Velingara de Senegal,Cultural,Av. Països Catalans,https://entitats.salt.cat/entitat/associacio-els-germans-de-fouladou-de-velingara-de-senegal-2/
Associació de Benestar i Cultura de Ghana de Girona,Cultural,c. Ausias March,https://entitats.salt.cat/entitat/associacio-de-benestar-i-cultura-de-ghana-de-girona/
associació Saltioli,Comunitària,"C. Llarg, 127",https://entitats.salt.cat/entitat/associacio-saltioli/
Associació cultural Feel Free,Cultural,"c. Sant Joan, 11",https://entitats.salt.cat/entitat/associacio-cultural-feel-free/
Unió de federacions esportives de catalunya (UFEC),Esportiva,"Miquel Martí i Pol, 5",https://entitats.salt.cat/entitat/unio-de-federacions-esportives-de-catalunya-ufec/
Assoc. de Ball de Salt,Cultural,Pla de Salt,https://entitats.salt.cat/entitat/assoc-de-ball-de-salt/
FEDERACIÓN DE COMUNIDADES MUSULMANAS AFRICANAS DE CATALUÑA,Religiosa,"c. Rafael Masó, 14",https://entitats.salt.cat/entitat/federacion-de-comunidades-musulmanas-africanas-de-cataluna/
COMUNIDAD ISLAMICA TIJANI,Religiosa,"Sant Romà, 63",https://entitats.salt.cat/entitat/comunidad-islamica-tijani/
Associació Milfulles,Comunitària; Social,C. Major,https://entitats.salt.cat/entitat/associacio-milfulles/
associació Misra Francia,Social,Àngel Guimerà,https://entitats.salt.cat/entitat/associacio-misra-francia/
Associació Omnium Cultural,Cultural,"Pl. Canigó, 9",https://entitats.salt.cat/entitat/associacio-omnium-cultural/
Associació ECCIT,Cultural; Social,C. Pep Ventura,https://entitats.salt.cat/entitat/associacio-eccit/
Associació Jigitugu (Donar esperança),Dona,Torras i Bages,https://entitats.salt.cat/entitat/associacio-jigitugu-donar-esperanca/
Associació la Farga Revista de Salt,Cultural,"Sant Dionís, 128",https://entitats.salt.cat/entitat/associacio-la-farga-revista-de-salt/
Associació Joves Immigrants del Gironès,Social,Anselm Clavé,https://entitats.salt.cat/entitat/associacio-de-joves-immigrants-del-girones/
Associació Joves Actius de Salt,Cultural,Àngel Guimerà,https://entitats.salt.cat/entitat/assoc-joves-actius-de-salt/
Associació de Treballadors Africans Garawol,Social,Pl. Catalunya,https://entitats.salt.cat/entitat/associacio-de-treballadors-africans-garawol/
Grup Municipal Vox Salt,Política,"President Lluís Companys, 1",https://entitats.salt.cat/entitat/grup-municipal-vox-de-salt/
Associació de comerciants del mercat municipal de Salt,Empresa/Comerç,"Països Catalans, 192",https://entitats.salt.cat/entitat/associacio-de-comerciants-del-mercat-municipal-de-salt-2/
Associació Salt Fiction,Cultural,"C/Roca Delpech, 24",https://entitats.salt.cat/entitat/associacio-salt-fiction/
,Cultural,"C. Josep Maria de Segarra, 5",https://entitats.salt.cat/entitat/associacio-juvenil-de-teatre-log-out/
Associació de Comerciants del Mercat Municipal de Salt,,"passeig dels Països Catalans, 192 (",https://entitats.salt.cat/entitat/associacio-de-comerciants-del-mercat-municipal-de-salt/
Fundació Servei Gironí de Pedagogía Social (SER.GI),,"Pl. Lluís Companys, 12",https://entitats.salt.cat/entitat/fundacio-servei-gironi-de-pedagogia-social-ser-gi/
Associació La Guerrilla Comunicacional,,"C/Llarg, 127",https://entitats.salt.cat/entitat/associacio-la-guerrilla-comunicacional/
Associació Cultural tardes Colombianas,,"Teixidores 6, At-3",https://entitats.salt.cat/entitat/associacio-cultural-tardes-colombianas/
Club Esportiu Penya Bons Aires,,Pep Ventura,https://entitats.salt.cat/entitat/club-esportiu-penya-bons-aires/
Associació Familia Segura XL,Social,Pg. Països Catalans,https://entitats.salt.cat/entitat/associacio-familia-segura-xl/
Associació Resortisantes de Boumouda (ARB),Cultural,Dr. Ferran,https://entitats.salt.cat/entitat/associacio-resortisantes-de-boumouda-arb/
Assocaició Aula de música Tradicional de Salt,Educativa,Àngel Guimerà,https://entitats.salt.cat/entitat/associacio-aula-de-musica-tradicional-de-salt-aula-tradi/
Associació de Ghanes Executiu Girona,Cultural,C.Àngel Guimerà,https://entitats.salt.cat/entitat/associacio-de-ghanes-executiu-girona/
Associació cultural per a la cooperació al desenvolupament Azahara,Cultural; Social,"C/ Sant Antoni, 1",https://entitats.salt.cat/entitat/associacio-cultural-per-a-la-cooperacio-al-desenvolupament-azahara/
ASSOCIACIÓ TAGUIS,Cultural,MANUEL DE FALLA,https://entitats.salt.cat/entitat/associacio-taguis/
Assoc. Artística Stoptrick Films,Cultural,C Moreneta,https://entitats.salt.cat/entitat/assoc-artstica-stoptrick-films/
Soccer Girona-Salt 2018 Club Esportiu,Esportiva,"Ptge de la Fàbrica Tèxtil Coma Cros, S/N",https://entitats.salt.cat/entitat/soccer-girona-salt-2018-club-esportiu/
Assoc. de Música Moderna de Girona,Educativa,"c. Sant Antoni, 1",https://entitats.salt.cat/entitat/assoc-de-msica-moderna-de-girona/
Club Esportiu Idem Salt,Esportiva,c/ Francesc Macià,https://entitats.salt.cat/entitat/club-esportiu-idem-salt/
Assoc. Valentes i Acompanyades,Dona,"c. Sant Dionís, 42",https://entitats.salt.cat/entitat/assoc-valentes-i-acompanyades/
Assoc. Entitat Animalista de Salt,Comunitària; Social,c. Sant Dionís,https://entitats.salt.cat/entitat/assoc-entitat-animalista-de-salt/
Assoc. Socioeducativa Nousol,Social,C/Sant Dionís 42,https://entitats.salt.cat/entitat/assoc-socioeducativa-nousol/
AFA Escola Pia Salt,Educativa,"c. Pla de Salt, 10",https://entitats.salt.cat/entitat/afa-escola-pia-salt/
Associació No al racisme Salt Girona,Social,c. Processó,https://entitats.salt.cat/entitat/associaci%c2%a2-no-al-racisme-salt-girona/
AMPA Ensenyament Secundari de Salt SES Salvador Sunyer,Educativa,c. Miquel Martí i Pol,https://entitats.salt.cat/entitat/ampa-ensenyament-secundari-de-salt-ses-s-sunyer/
Minyons Escoltes i Guies Sant Jordi de Catalunya,Cultural,"Rambla Mn. Jacint Verdaguer, 10",https://entitats.salt.cat/entitat/minyons-escoltes-i-guies-sant-jordi-de-catalunya/
Assoc. Cultural Zona Olé,Cultural,"Pg  Països  Catalans, 137",https://entitats.salt.cat/entitat/assoc-cultural-zona-ol%c2%82/
Salt Cricket Club,Esportiva,c. Angel Guimerà,https://entitats.salt.cat/entitat/salt-cricket-club/
Assoc. Ind¡gena Biafra-RBL,Cultural; Social,Pg. Països Catalans,https://entitats.salt.cat/entitat/assoc-indgena-biafra-rbl/
Grup Municipal Plataforma per Catalunya,Política,"Pl. Lluís Companys, 1",https://entitats.salt.cat/entitat/grup-municipal-plataforma-per-catalunya/
Comunitat Religiosa de Mali,Religiosa,C. Elisenda de Montcada,https://entitats.salt.cat/entitat/comunitat-religiosa-de-mali/
Partit Demòcrata Europeu Català de Salt,Política,"c. Pau Casals, 16",https://entitats.salt.cat/entitat/partit-dem%c2%95crata-europeu-catal%c2%85-de-salt/
Assoc. DOTA. Dones per la formació,Social,"c. Sant Dionís, 42 (despatx 108)",https://entitats.salt.cat/entitat/assoc-dota-dones-per-la-formaci%c2%a2/
Federació Unió d'Empresaris de Salt,Empresa/Comer,Pl. Catalunya,https://entitats.salt.cat/entitat/federaci%c2%a2-uni%c2%a2-dempresaris-de-salt/
Federació d'Entitats Socio-Culturals de Salt,Cultural,"c/ Sant Antoni, 1",https://entitats.salt.cat/entitat/federaci%c2%a2-dentitats-socio-culturals-de-salt/
Club Natació SwimFaster Salt,Esportiva,"Pg. Països Catalans, s/n (Pavelló d'Esports)",https://entitats.salt.cat/entitat/club-nataci%c2%a2-swimfaster-club/
Agrupament Escoltes i Guies Can Tona,Cultural; Social,"c/ Llarg, 79",https://entitats.salt.cat/entitat/agrupament-escoltes-i-guies-can-tona/
Club Esportiu  Platja Girona-Salt,Esportiva,"Pg. Països Catalans, s/n (Pavelló d'Esports)",https://entitats.salt.cat/entitat/club-tennis-platja-girona-salt/
Escola de Futbol Ter-Brugent,Esportiva,c. Torras i Bages,https://entitats.salt.cat/entitat/escola-de-futbol-ter-brugent/
Associació El Rusc,Cultural; Educativa,"c/ Llarg, 79",https://entitats.salt.cat/entitat/associaci%c2%a2-el-rusc/
Club Tennis Salt - Les Guixeres,Esportiva,"Camí de les Guixeres, 2",https://entitats.salt.cat/entitat/club-tennis-salt-les-guixeres/
Assoc. Cultural Algarabia de Girona,Cultural,Pg. Països Catalans,https://entitats.salt.cat/entitat/assoc-cultural-algarabia-de-girona/
Associació de voluntaris de Protecció Civil de Salt,Comunitària,"c/ Pla de Salt,2",https://entitats.salt.cat/entitat/assoc-protecci%c2%a2-civil-de-salt/
Som amics dels animals.cat,Social,Pg. Països Catalans,https://entitats.salt.cat/entitat/som-amics-dels-animals/
Fundació Atenea Grup GID,Social,"Pl. Catalunya, s/n (Edif. Mas Mota)",https://entitats.salt.cat/entitat/fundaci%c2%a2-atenea-grup-gid/
Assoc. de Fibromiàlgia de Salt,Social,"Pl. de la Vila, 5",https://entitats.salt.cat/entitat/assoc-de-fibromi%c2%85lgia-de-salt/
Assoc. Loura-CMRE,Social,c. Angel Guimerà,https://entitats.salt.cat/entitat/assoc-loura-cmre/
Assoc. Cultural de Comunitats Soninkara,Cultural,c/ Àngel Guimerà,https://entitats.salt.cat/entitat/assoc-cultural-de-comunitats-soninkara/
Assoc. Cultural Sandugu Jagajari,Social,c/ Àngel Guimerà,https://entitats.salt.cat/entitat/assoc-cultural-sandugu-jagajari/
Assoc. Coop. Wakkilare de Salt,Social,c/ Pr. Francesc Macià,https://entitats.salt.cat/entitat/assoc-coop-wakkilare-de-salt/
Independents per Salt,Política,"c/ Llarg, 41",https://entitats.salt.cat/entitat/independents-per-salt/
"LA Copa SCCL, Soc. Coop. de Treball Associat",Cultural; Educativa,"C/ Josep Maria de Sagarra, 5",https://entitats.salt.cat/entitat/la-copa-sccl-soc-coop-de-treball-associat/
Assoc Joves Gambians,Cultural,c/ Torras i Bages,https://entitats.salt.cat/entitat/assoc-joves-gambians/
Associació El Blauet,Cultural; Educativa,"c/ Indústria, 4",https://entitats.salt.cat/entitat/associaci%c2%a2-el-blauet/
Associació Bansang (Missira),Cultural; Social,c/ Torras i Bages,https://entitats.salt.cat/entitat/associaci%c2%a2-bausang-missira/
AECC-Catalunya Contra el Càncer,Social,President Josep Irla,https://entitats.salt.cat/entitat/aecc-catalunya-contra-el-c%c2%85ncer/
Els Dracs CIV,Empresa/Comer,Plaça de Catalunya,https://entitats.salt.cat/entitat/els-dracs-civ/
Associació Colla M'ho Passo Bé,Cultural; Festiva,"Pl. Tres de març,  4 (bar Carrilet)",https://entitats.salt.cat/entitat/associacio-colla-mho-passo-be/
Assoc. de Donants de Sang,Social,C/ Pr. Josep Irla,https://entitats.salt.cat/entitat/assoc-de-donants-de-sang/
Associació de Famílies d'Alumnes de l'Escola Bressol Municipal El Lledoner ( AFA El Lledoner ),Cultural; Educativa,c/ Sant Dionís,https://entitats.salt.cat/entitat/ampa-escola-bressol-el-lledoner/
Associació Pro-Televisió Vila de Salt,Cultural,c/ Ramon Sambola,https://entitats.salt.cat/entitat/associaci%c2%a2-pro-televisi%c2%a2-vila-de-salt/
Assemblea Nacional Catalana - ANC,Cultural,c/  Llarg,https://entitats.salt.cat/entitat/anc-assemblea-nacional-catalana/
Assoc. pel Desenvolupament  Fouladou Senegal,Social,c/ A. Clavé,https://entitats.salt.cat/entitat/assoc-pel-desenvolupament-fouladou-senegal/
Associació Derecho y Esperanza,Social,"c/ Torras i Bages, Josep",https://entitats.salt.cat/entitat/associaci%c2%a2-derecho-y-esperanza/
Assoc. U24 Slot Salt,Recreativa,Pg. Països Catalans,https://entitats.salt.cat/entitat/assoc-u24-slot-salt/
Club Botxes Salt,Esportiva,"Països Catalans, S/N",https://entitats.salt.cat/entitat/club-botxes-salt/
Assoc. De Malians i Malianes de Salt i les comarques gironines,Social,C. Torras i Bages,https://entitats.salt.cat/entitat/assoc-de-malians-i-malianes-de-salt/
Associació Cultural Cor País Meu,Cultural,"c/ Sant Antoni, 1 aula Tradi Coma-cros",https://entitats.salt.cat/entitat/associaci%c2%a2-cultural-cor-pas-meu/
Assoc. Amics del Taixi Chuan de Salt,Comunitària,"c/ Llarg, 101",https://entitats.salt.cat/entitat/assoc-amics-del-taixi-chuan-de-salt/
Estampades Associació Cultural,Cultural,"Sant Antoni, 1 Coma-Cros,",https://entitats.salt.cat/entitat/estampades-associaci%c2%a2-cultural/
Associació de Famílies d'Alumnes de l'Escola les Arrels,Cultural; Educativa,"c/ Alfons Moré, S/N",https://entitats.salt.cat/entitat/ampa-escola-les-arrels/
Casal dels Infants Acció Social als Barris,Social,"C. Sant Dionís, 42",https://entitats.salt.cat/entitat/casal-dels-infants-acci%c2%a2-social-als-barris/
AMPA CEIP Les Deveses de Salt,Cultural; Educativa,"c/ Dr. Ferran, 88",https://entitats.salt.cat/entitat/ampa-ceip-les-deveses-de-salt/
Associació de Veïns del Veïnat,Comunitària,"c/ Angel Guimerà, 7",https://entitats.salt.cat/entitat/associaci%c2%a2-de-ve%c2%8bns-del-ve%c2%8bnat/
Assoc. amics i amigues de l'Ateneu Popular Coma Cros,Cultural; Social,"c. Rafael Masó, 10",https://entitats.salt.cat/entitat/assoc-amics-i-amigues-de-lataneu-popular-coma-cros/
Associació 17190 Universalt,Cultural,c/ St. Joan,https://entitats.salt.cat/entitat/associaci%c2%a2-17190-universalt/
AMPA IES Vallvera,Cultural; Educativa,Passatge de la Fàbrica Textil Coma-Cros,https://entitats.salt.cat/entitat/ampa-ies-vallvera/
Assoc. Cultural Benkady Debo,Social,Pg. Elisenda de Montcada,https://entitats.salt.cat/entitat/assoc-cultural-benkady-debo/
Associació per la Repatriació dels Morts,Social,c/ Dr. Ferran,https://entitats.salt.cat/entitat/associaci%c2%a2-per-la-repatriaci%c2%a2-dels-morts/
Associació Artística Las Lo Las,Cultural; Educativa,"c/ Sant Antoni, 1",https://entitats.salt.cat/entitat/associaci%c2%a2-artstica-las-lo-las/
Assoc. Innovació per un Eix Multicultural,Social,c/ Greco,https://entitats.salt.cat/entitat/assoc-innovaci%c2%a2-per-un-eix-multicultural/
Assoc Comerciants d'Origen Estranger,Empresa/Comer,c/ Dr. Ferran,https://entitats.salt.cat/entitat/assoc-comerciants-dorgen-estranger/
Assoc. per la Coop poble wassada de Mali,Social,c/ Torras i Bages,https://entitats.salt.cat/entitat/assoc-per-la-coop-poble-wassada-de-mali/
Partido Popular de Salt,Política,c. Prat de la Riba,https://entitats.salt.cat/entitat/partit-popular-de-salt/
Associació Almagariba Almohajiren,Cultural,c/ Torras i Bages,https://entitats.salt.cat/entitat/associaci%c2%a2-almagariba-almohajiren/
Associació Cultural de Ghana del Gironès,Social,Pg. Marques de Camps,https://entitats.salt.cat/entitat/associaci%c2%a2-cultural-de-ghana-del-giron%c2%8as/
Associació Amics de Boulembou - Senegal,Social,"Plaça de Surroca, 1",https://entitats.salt.cat/entitat/associaci%c2%a2-amics-de-boulembou-senegal/
Fundació Privada Utopia,Social,"C/ Dr. Ferran, 4",https://entitats.salt.cat/entitat/fundaci%c2%a2-privada-utopia/
AMPA CEIP Veïnat,Cultural; Educativa,"c/ Enric Granados, 8",https://entitats.salt.cat/entitat/ampa-ceip-ve%c2%8bnat/
Fundació Privada Resilis,Social,"C/ Dr. Ferran, 4",https://entitats.salt.cat/entitat/fundaci%c2%a2-privada-resilis/
Associació de VeÏns Barri dels Escriptors,Comunitària,"c/ Mercè Rodoreda, 19",https://entitats.salt.cat/entitat/associaci%c2%a2-de-ve%c2%8bns-barri-dels-escriptors/
Assoc.Veïns dels Barris d' Esteve Vila a Francesc Macià de Salt,Comunitària; Social,c/ Pr. Francesc Macià,https://entitats.salt.cat/entitat/assoc-ve%c2%8bns-barris-esteve-vila-a-f-maci%c2%85/
AFA Escola Bressol El Carrilet,Cultural; Educativa,"Passeig dels Països Catalans, 1",https://entitats.salt.cat/entitat/ampa-escola-bressol-el-carrilet/
Associació Cultural Al Hilal Girona,Cultural; Política; Social,Trav de Santa Eugènia,https://entitats.salt.cat/entitat/associaci%c2%a2-cultural-al-hilal-girona/
Plataforma cívica Mou-te en Bici,Social,"Sant Antoni, 1",https://entitats.salt.cat/entitat/plataforma-cvica-mou-te-en-bici/
Associació de Veïnes i  Veïns del Barri Vell de Salt,Comunitària,"pl. de la Vila, 25",https://entitats.salt.cat/entitat/associaci%c2%a2-de-ve%c2%8bns-del-barri-vell/
Associació Camerunes de Girona i Amics,Cultural,Ramon Sambola,https://entitats.salt.cat/entitat/associaci%c2%a2-camerunes-de-girona-i-amics/
AMPA CEIP El Gegant del Rec,Cultural; Educativa,"Passatge Joan Güell Oliver, 1",https://entitats.salt.cat/entitat/ampa-ceip-el-gegant-del-rec/
Associació Oudiodial per a l'Ajuda  Social,Social,C/ Manel de Falla,https://entitats.salt.cat/entitat/associaci%c2%a2-oudiodial-per-a-lajuda-social/
Associació Cultural i de suport als Nigerians Edo State Union,Cultural; Social,c/ Àngel Guimerà,https://entitats.salt.cat/entitat/associaci%c2%a2-cultural-als-nigerians-edo-state/
AMPA Escola Mas Masó,Cultural; Educativa,"c/ Pep Ventura, 1",https://entitats.salt.cat/entitat/ampa-escola-mas-mas%c2%a2/
Associació Excursionista Xirucaires,Esportiva,"Pl. de la Vila, 8",https://entitats.salt.cat/entitat/associaci%c2%a2-excursionista-xirucaires/
Associació de Capoeira Canigó,Cultural,"c/ Sant Antoni, 1",https://entitats.salt.cat/entitat/associaci%c2%a2-de-capoeira-canig%c2%a2/
Comunitat Islàmica de Salt,Cultural; Religiosa,c/ Rafael Masó,https://entitats.salt.cat/entitat/comunitat-isl%c2%85mica-de-salt/
La Banda del Rec,Cultural; Joventut,"Sant Antoni, 1",https://entitats.salt.cat/entitat/la-banda-del-rec/
Assoc. de Hondureños Província  de Girona,Social,c/ Torras i Bages,https://entitats.salt.cat/entitat/assoc-de-hondure%c2%a4os-de-girona/
Ajuda Humanitària de Gambia - ASAGA,Cultural; Social,"C/Sant Dionís, 42",https://entitats.salt.cat/entitat/ajuda-humanit%c2%85ria-gambia/
Coral Tribana Salt,Cultural,"c/ Sant Antoni, 1",https://entitats.salt.cat/entitat/coral-tribana-salt/
Fundació Privada Oncolliga Girona,Social,"C/ Illa Fuerteventura, 10",https://entitats.salt.cat/entitat/fundaci%c2%a2-privada-oncolliga-girona/
Coral Rossinyol i Alimara,Cultural,"c/ Major, 385",https://entitats.salt.cat/entitat/coral-rossinyol-i-alimara/
Agermanament Perú,Social,"c/ Llarg, 56",https://entitats.salt.cat/entitat/agermanament-per/
Iglesia de Dios de España-Centre Cristià FEAM Salt,Religiosa,Pg. Països Catalans 58,https://entitats.salt.cat/entitat/igl%c2%8asia-de-dios-centre-cristi%c2%85-feam-salt/
Club Patinatge Salt,Esportiva,"Passeig dels Països Catalans, s/n",https://entitats.salt.cat/entitat/club-patinatge-salt/
Associació de Veïns de la Massana,Comunitària,c/ Dr. Ferran,https://entitats.salt.cat/entitat/associaci%c2%a2-de-ve%c2%8bns-de-la-massana/
Esquerra republicana de Catalunya,Política,"c/ Major, 250",https://entitats.salt.cat/entitat/esquerra-republicana-de-catalunya/
Associació de Magrebins per la Pau,Cultural; Social,c/ Major,https://entitats.salt.cat/entitat/associaci%c2%a2-de-magrebins-per-la-pau/
Esquerra Unida i Alternativa (EUIA),Política,c/ Pr. Francesc Macià,https://entitats.salt.cat/entitat/esquerra-unida-i-alternativa-euia/
Associació de Ball Kinbedeball,Cultural; Festiva,"c/ Sant Antoni, 1",https://entitats.salt.cat/entitat/associaci%c2%a2-de-ball-kinbedeball/
AMPA CEIP La Farga de Salt,Cultural; Educativa,"c/ Sant Dionís, 40",https://entitats.salt.cat/entitat/ampa-ceip-la-farga-de-salt/
Club Piragüisme Salt-Ter,Esportiva,"Passeig dels Països Catalans,",https://entitats.salt.cat/entitat/club-pirag%c2%81isme-salt-ter/
Iniciativa per Catalunya-Els verds,Política,"c/ del Rec,, 14",https://entitats.salt.cat/entitat/iniciativa-per-catalunya-els-verds/
Partit Socialistes de Catalunya,Política,"Carrer Major, 180",https://entitats.salt.cat/entitat/partit-socialistes-de-catalunya/
Fundació Privada Les Vetes,Gent gran,"c/ Sant Antoni, 2",https://entitats.salt.cat/entitat/fundaci%c2%a2-privada-les-vetes/
Caritas Salt - Agrupació de Parròquies,Social,"c/ St. Dionís, 42 (hotel d'entitats despatx 107-8)",https://entitats.salt.cat/entitat/caritas-salt-agrupaci%c2%a2-de-parr%c2%95quies/
Agrupament Escolta Sant Cugat,Cultural,"c/ Lluís Moreno, s/n Mas Llorens",https://entitats.salt.cat/entitat/agrupament-escolta-sant-cugat/
Penya blaugrana el Ter de Salt,Cultural; Esportiva,Pg. Marquès de Camps,https://entitats.salt.cat/entitat/penya-blaugrana-el-ter-de-salt/
Assoc. Diables d'en Pere Botero,Cultural; Festiva,"c/ Sant Antoni, 1",https://entitats.salt.cat/entitat/assoc-diables-den-pere-botero/
Comissió de Festes de Salt,Cultural; Festiva,"Carrer de Sant Antoni, 1",https://entitats.salt.cat/entitat/comissi%c2%a2-de-festes-de-salt/
Comissi¢ Festes del Barri de la Processó,Cultural; Festiva,"Carrer de la Processó, 23",https://entitats.salt.cat/entitat/comissi%c2%a2-festes-del-barri-de-la-process%c2%a2/
Casal de jubilats i simpatitzants de Salt,Cultural,"Passeig de Verdaguer, 1",https://entitats.salt.cat/entitat/casal-de-jubilats-la-farga-revista-de-salt/
Associació de Gent Gran Les Bernardes,Gent gran,"Plaça de la Diputació, 2",https://entitats.salt.cat/entitat/associaci%c2%a2-de-gent-gran-les-bernardes/
AMPA Escola Pompeu Fabra,Cultural; Educativa,"c/ Sant Dionís, 31",https://entitats.salt.cat/entitat/ampa-escola-pompeu-fabra/
AMPA  Mare de Déu del Roser,Cultural; Educativa,"c/ Llarg, 4",https://entitats.salt.cat/entitat/ampa-mare-de-d%c2%82u-del-roser/
AMPA IES Salvador Espriu,Cultural; Educativa,"c/ Josep M. Folch i Torres, 4",https://entitats.salt.cat/entitat/ampa-ies-salvador-espriu/
AMPA Escola Silvestre Santaló,Cultural; Educativa,"c/ Josep M. Folch i Torres, 8",https://entitats.salt.cat/entitat/ampa-escola-silvestre-santal%c2%a2/
AFA de l' Escola el Pla de Salt,Cultural; Educativa,"Pg. Marquès de Camps, 50",https://entitats.salt.cat/entitat/ampa-escola-del-pla/
Club Arquers Salt,Esportiva,"Països Catalans, s/n",https://entitats.salt.cat/entitat/club-arquers-salt/
Hoquei Club Salt,Esportiva,"Pg dels Països Catalans, s/n",https://entitats.salt.cat/entitat/hoquei-club-salt/
Salt Gimnàstic Club,Esportiva,"Passeig dels Països Catalans, s/n",https://entitats.salt.cat/entitat/salt-gimn%c2%85stic-club/
Club Badminton Salt,Esportiva,"Països Catalans, s/n",https://entitats.salt.cat/entitat/club-badminton-salt/
U.E. Coma Cros,Esportiva,"Carrer de Fidel Aguilar, 5",https://entitats.salt.cat/entitat/u-e-coma-cros/
Centre Excursionista Saltenc,Esportiva,Pavelló d'esports,https://entitats.salt.cat/entitat/centre-excursionista-saltenc/
Club Petanca Salt,Esportiva,"Passeig de Verdaguer, 1",https://entitats.salt.cat/entitat/club-petanca-salt/
Club Basquet de Salt,Esportiva,"Països Catalans, s/n",https://entitats.salt.cat/entitat/club-basquet-de-salt/
Colla Castellera Marrecs de Salt,Cultural,"Carrer de Sant Antoni, 1",https://entitats.salt.cat/entitat/colla-castellera-marrecs-de-salt/
Amics dels Gegants de Salt,Cultural,"c/ Sant Antoni, 1 Factoria Cultural Coma-Cros",https://entitats.salt.cat/entitat/amics-dels-gegants-de-salt/
Casal Saltenc Independentista,Cultural,"Carrer Llarg, 41",https://entitats.salt.cat/entitat/casal-saltenc-independentista/
Agrupació Teatral El Safareig,Cultural,"c/ Torras i Bages, Josep, 71",https://entitats.salt.cat/entitat/agrupaci%c2%a2-teatral-el-safareig/
Agrupació Fotogràfica de Salt,Cultural,"c/ Sant Antoni, 1",https://entitats.salt.cat/entitat/agrupaci%c2%a2-fotogr%c2%85fica-de-salt/
